prec,flex,resl,team,pmat,rely,data,cplx,ruse,docu,time,stor,pvol,acap,pcap,pcon,apex,plex,ltex,tool,site,sced,kloc,effort,Team Size ,Lack of Team Trust,Competence Level,Client Involvement ,Geographic distribution ,Knowledge Management ,Project Effort,Design and technology newness,Communication Infrastructure ,Work Dispersion,Response Delay,Task Allocation,Travel Cost,Time zone difference,Language/Cultural difference,Project Management Effort,Contract Design ,Rework,Requirements Legibility,Sharing of Resources,Development Productivity,Reuse,Process Compliance ,Process Maturity,Process Model,Work Pressure
2.48,2.03,2.83,1.1,3.12,1.1,0.9,1.17,1,1,1,1,0.78,1,1,1,1,1,0.91,1,1,1.14,25.9,117.6,1.15,1.15,0.85,0.85,1.15,0.85,1.15,1.15,0.85,0.85,1.15,0.85,1.15,1.15,1.15,1.15,0.85,1.15,0.85,0.85,0.85,0.85,0.85,0.85,0.85,1.15
2.48,2.03,2.83,1.1,3.12,1.1,0.9,1.17,1,1,1,1,0.78,1,1,1,1,1,0.91,1,1,1.14,24.6,117.6,1.15,1.15,0.85,0.85,1.15,0.85,1.15,1.15,0.85,0.85,1.15,0.85,1.15,1.15,1.15,1.15,0.85,1.15,0.85,0.85,0.85,0.85,0.85,0.85,0.85,1.15
2.48,2.03,2.83,1.1,3.12,1.1,0.9,1.17,1,1,1,1,0.78,1,1,1,1,1,0.91,1,1,1.14,7.7,31.2,1.15,1.15,0.85,0.85,1.15,0.85,1.15,1.15,0.85,0.85,1.15,0.85,1.15,1.15,1.15,1.15,0.85,1.15,0.85,0.85,0.85,0.85,0.85,0.85,0.85,1.15
2.48,2.03,2.83,1.1,3.12,1.1,0.9,1.17,1,1,1,1,0.78,1,1,1,1,1,0.91,1,1,1.14,8.2,36,1.15,1.15,0.85,0.85,1.15,0.85,1.15,1.15,0.85,0.85,1.15,0.85,1.15,1.15,1.15,1.15,0.85,1.15,0.85,0.85,0.85,0.85,0.85,0.85,0.85,1.15
2.48,2.03,2.83,1.1,3.12,1.1,0.9,1.17,1,1,1,1,0.78,1,1,1,1,1,0.91,1,1,1.14,9.7,25.2,1.15,1.15,0.85,0.85,1.15,0.85,1.15,1.15,0.85,0.85,1.15,0.85,1.15,1.15,1.15,1.15,0.85,1.15,0.85,0.85,0.85,0.85,0.85,0.85,0.85,1.15
2.48,2.03,2.83,1.1,3.12,1.1,0.9,1.17,1,1,1,1,0.78,1,1,1,1,1,0.91,1,1,1.14,2.2,8.4,1.15,1.15,0.85,0.85,1.15,0.85,1.15,1.15,0.85,0.85,1.15,0.85,1.15,1.15,1.15,1.15,0.85,1.15,0.85,0.85,0.85,0.85,0.85,0.85,0.85,1.15
2.48,2.03,2.83,1.1,3.12,1.1,0.9,1.17,1,1,1,1,0.78,1,1,1,1,1,0.91,1,1,1.14,3.5,10.8,1.15,1.15,0.85,0.85,1.15,0.85,1.15,1.15,0.85,0.85,1.15,0.85,1.15,1.15,1.15,1.15,0.85,1.15,0.85,0.85,0.85,0.85,0.85,0.85,0.85,1.15
2.48,2.03,2.83,1.1,3.12,1.1,0.9,1.17,1,1,1,1,0.78,1,1,1,1,1,0.91,1,1,1.14,66.6,352.8,1.15,1.15,0.85,0.85,1.15,0.85,1.15,1.15,0.85,0.85,1.15,0.85,1.15,1.15,1.15,1.15,0.85,1.15,0.85,0.85,0.85,0.85,0.85,0.85,0.85,1.15
2.48,2.03,2.83,1.1,3.12,1.1,0.9,1.17,1,1,1.63,1.49,0.78,0.85,0.88,1,0.88,1,0.91,0.9,1,1,7.5,72,1.15,1.15,0.85,0.85,1.15,0.85,1.15,1.15,0.85,0.85,1.15,0.85,1.15,1.15,1.15,1.15,0.85,1.15,0.85,0.85,0.85,0.85,0.85,0.85,0.85,1.15
2.48,2.03,2.83,1.1,4.68,1,0.9,1.17,1,1,1,1,0.78,0.85,0.76,1,0.81,1,0.91,1,1,1,20,72,1.15,1.15,0.85,0.85,1.15,0.85,1.15,1.15,0.85,0.85,1.15,0.85,1.15,1.15,1.15,1.15,0.85,1.15,0.85,0.85,0.85,0.85,0.85,0.85,0.85,1.15
2.48,2.03,2.83,1.1,4.68,1,0.9,1.17,1,1,1,1,0.78,0.85,0.88,1,0.81,1,0.91,1,1,1,6,24,1.15,1.15,0.85,0.85,1.15,0.85,1.15,1.15,0.85,0.85,1.15,0.85,1.15,1.15,1.15,1.15,0.85,1.15,0.85,0.85,0.85,0.85,0.85,0.85,0.85,1.15
2.48,2.03,2.83,1.1,4.68,1,0.9,1.17,1,1,1,1,0.78,0.85,0.76,1,0.81,1,0.91,1,1,1,100,360,1.15,1.15,0.85,0.85,1.15,0.85,1.15,1.15,0.85,0.85,1.15,0.85,1.15,1.15,1.15,1.15,0.85,1.15,0.85,0.85,0.85,0.85,0.85,0.85,0.85,1.15
2.48,2.03,2.83,1.1,4.68,1,0.9,1.17,1,1,1,1,0.78,0.85,1,1,0.81,1,1.09,1,1,1,11.3,36,1.15,1.15,0.85,0.85,1.15,0.85,1.15,1.15,0.85,0.85,1.15,0.85,1.15,1.15,1.15,1.15,0.85,1.15,0.85,0.85,0.85,0.85,0.85,0.85,0.85,1.15
2.48,2.03,2.83,1.1,4.68,1,0.9,1.17,1,1,1,1,1.15,0.85,0.88,1,0.88,1.09,1.2,1,1,1,100,215,1.15,1.15,0.85,0.85,1.15,0.85,1.15,1.15,0.85,0.85,1.15,0.85,1.15,1.15,1.15,1.15,0.85,1.15,0.85,0.85,0.85,0.85,0.85,0.85,0.85,1.15
2.48,2.03,2.83,1.1,4.68,1,0.9,1.17,1,1,1,1,0.78,0.85,0.88,1,0.81,1,0.91,1,1,1,20,48,1.15,1.15,0.85,0.85,1.15,0.85,1.15,1.15,0.85,0.85,1.15,0.85,1.15,1.15,1.15,1.15,0.85,1.15,0.85,0.85,0.85,0.85,0.85,0.85,0.85,1.15
2.48,2.03,2.83,1.1,4.68,1,0.9,1.17,1,1,1,1,0.78,0.85,1,1,1,1,1.2,1,1,1,100,360,1.15,1.15,0.85,0.85,1.15,0.85,1.15,1.15,0.85,0.85,1.15,0.85,1.15,1.15,1.15,1.15,0.85,1.15,0.85,0.85,0.85,0.85,0.85,0.85,0.85,1.15
2.48,2.03,2.83,1.1,4.68,1,0.9,1.17,1,1,1,1.49,0.78,0.85,0.76,1,0.81,1,0.91,1,1,1,150,324,1.15,1.15,0.85,0.85,1.15,0.85,1.15,1.15,0.85,0.85,1.15,0.85,1.15,1.15,1.15,1.15,0.85,1.15,0.85,0.85,0.85,0.85,0.85,0.85,0.85,1.15
2.48,2.03,2.83,1.1,4.68,1,0.9,1.17,1,1,1,1,0.78,0.85,0.88,1,0.88,1,0.91,1,1,1,31.5,60,1.15,1.15,0.85,0.85,1.15,0.85,1.15,1.15,0.85,0.85,1.15,0.85,1.15,1.15,1.15,1.15,0.85,1.15,0.85,0.85,0.85,0.85,0.85,0.85,0.85,1.15
2.48,2.03,2.83,1.1,4.68,1,0.9,1.17,1,1,1,1,0.78,0.85,0.88,1,0.81,1,0.91,1,1,1,15,48,1.15,1.15,0.85,0.85,1.15,0.85,1.15,1.15,0.85,0.85,1.15,0.85,1.15,1.15,1.15,1.15,0.85,1.15,0.85,0.85,0.85,0.85,0.85,0.85,0.85,1.15
2.48,2.03,2.83,1.1,4.68,1,0.9,1.17,1,1,1,1.49,0.78,0.85,1,1,0.88,1,0.91,1,1,1,32.5,60,1.15,1.15,0.85,0.85,1.15,0.85,1.15,1.15,0.85,0.85,1.15,0.85,1.15,1.15,1.15,1.15,0.85,1.15,0.85,0.85,0.85,0.85,0.85,0.85,0.85,1.15
2.48,2.03,2.83,1.1,3.12,1.1,0.9,1.17,1,1,1,1,0.78,1,1,1,1,1,0.91,1,1,1.14,19.7,60,1.15,1.15,0.85,0.85,1.15,0.85,1.15,1.15,0.85,0.85,1.15,0.85,1.15,1.15,1.15,1.15,0.85,1.15,0.85,0.85,0.85,0.85,0.85,0.85,0.85,1.15
2.48,2.03,2.83,1.1,3.12,1.1,0.9,1.17,1,1,1,1,0.78,1,1,1,1,1,0.91,1,1,1.14,66.6,300,1.15,1.15,0.85,0.85,1.15,0.85,1.15,1.15,0.85,0.85,1.15,0.85,1.15,1.15,1.15,1.15,0.85,1.15,0.85,0.85,0.85,0.85,0.85,0.85,0.85,1.15
2.48,2.03,2.83,1.1,3.12,1.1,0.9,1.17,1,1,1,1,0.78,1,1,1,1,1,0.91,1,1,1.14,29.5,120,1.15,1.15,0.85,0.85,1.15,0.85,1.15,1.15,0.85,0.85,1.15,0.85,1.15,1.15,1.15,1.15,0.85,1.15,0.85,0.85,0.85,0.85,0.85,0.85,0.85,1.15
2.48,2.03,2.83,1.1,4.68,1.1,1,1,1,1,1.11,1,1,1,0.88,1,0.88,1,1,1,1,1,15,90,1.15,1.15,0.85,0.85,1.15,0.85,1.15,1.15,0.85,0.85,1.15,0.85,1.15,1.15,1.15,1.15,0.85,1.15,0.85,0.85,0.85,0.85,0.85,0.85,0.85,1.15
2.48,2.03,2.83,1.1,4.68,1.1,1,1.17,1,1,1,1,1,1,0.88,1,0.88,1,1,1,1,1,38,210,1.15,1.15,0.85,0.85,1.15,0.85,1.15,1.15,0.85,0.85,1.15,0.85,1.15,1.15,1.15,1.15,0.85,1.15,0.85,0.85,0.85,0.85,0.85,0.85,0.85,1.15
2.48,2.03,2.83,1.1,4.68,1,1,1,1,1,1,1,1,1,0.88,1,0.88,1,1,1,1,1,10,48,1.15,1.15,0.85,0.85,1.15,0.85,1.15,1.15,0.85,0.85,1.15,0.85,1.15,1.15,1.15,1.15,0.85,1.15,0.85,0.85,0.85,0.85,0.85,0.85,0.85,1.15
2.48,2.03,2.83,1.1,3.12,1,1.28,1.17,1,1,1.29,1.17,0.78,0.71,1,1,0.88,1.09,0.91,1,1,1.14,15.4,70,1.15,1.15,0.85,0.85,1.15,0.85,1.15,1.15,0.85,0.85,1.15,0.85,1.15,1.15,1.15,1.15,0.85,1.15,0.85,0.85,0.85,0.85,0.85,0.85,0.85,1.15
2.48,2.03,2.83,1.1,3.12,1,1.28,1.17,1,1,1.29,1.17,0.78,0.71,1,1,0.88,1.09,0.91,1,1,1.14,48.5,239,1.15,1.15,0.85,0.85,1.15,0.85,1.15,1.15,0.85,0.85,1.15,0.85,1.15,1.15,1.15,1.15,0.85,1.15,0.85,0.85,0.85,0.85,0.85,0.85,0.85,1.15
2.48,2.03,2.83,1.1,3.12,1,1.28,1.17,1,1,1.29,1.17,0.78,0.71,1,1,0.88,1.09,0.91,1,1,1.14,16.3,82,1.15,1.15,0.85,0.85,1.15,0.85,1.15,1.15,0.85,0.85,1.15,0.85,1.15,1.15,1.15,1.15,0.85,1.15,0.85,0.85,0.85,0.85,0.85,0.85,0.85,1.15
2.48,2.03,2.83,1.1,3.12,1,1.28,1.17,1,1,1.29,1.17,0.78,0.71,1,1,0.88,1.09,0.91,1,1,1.14,12.8,62,1.15,1.15,0.85,0.85,1.15,0.85,1.15,1.15,0.85,0.85,1.15,0.85,1.15,1.15,1.15,1.15,0.85,1.15,0.85,0.85,0.85,0.85,0.85,0.85,0.85,1.15
2.48,2.03,2.83,1.1,3.12,1,1.28,1.17,1,1,1.29,1.17,0.78,0.71,1,1,0.88,1.09,0.91,1,1,1.14,32.6,170,1.15,1.15,0.85,0.85,1.15,0.85,1.15,1.15,0.85,0.85,1.15,0.85,1.15,1.15,1.15,1.15,0.85,1.15,0.85,0.85,0.85,0.85,0.85,0.85,0.85,1.15
2.48,2.03,2.83,1.1,3.12,1,1.28,1.17,1,1,1.29,1.17,0.78,0.71,1,1,0.88,1.09,0.91,1,1,1.14,35.5,192,1.15,1.15,0.85,0.85,1.15,0.85,1.15,1.15,0.85,0.85,1.15,0.85,1.15,1.15,1.15,1.15,0.85,1.15,0.85,0.85,0.85,0.85,0.85,0.85,0.85,1.15
2.48,2.03,2.83,1.1,3.12,1.1,0.9,1.17,1,1,1,1,0.78,1,1,1,1,1,0.91,1,1,1.14,5.5,18,1.15,1.15,0.85,0.85,1.15,0.85,1.15,1.15,0.85,0.85,1.15,0.85,1.15,1.15,1.15,1.15,0.85,1.15,0.85,0.85,0.85,0.85,0.85,0.85,0.85,1.15
2.48,2.03,2.83,1.1,3.12,1.1,0.9,1.17,1,1,1,1,0.78,1,1,1,1,1,0.91,1,1,1.14,10.4,50,1.15,1.15,0.85,0.85,1.15,0.85,1.15,1.15,0.85,0.85,1.15,0.85,1.15,1.15,1.15,1.15,0.85,1.15,0.85,0.85,0.85,0.85,0.85,0.85,0.85,1.15
2.48,2.03,2.83,1.1,3.12,1.1,0.9,1.17,1,1,1,1,0.78,1,1,1,1,1,0.91,1,1,1.14,14,60,1.15,1.15,0.85,0.85,1.15,0.85,1.15,1.15,0.85,0.85,1.15,0.85,1.15,1.15,1.15,1.15,0.85,1.15,0.85,0.85,0.85,0.85,0.85,0.85,0.85,1.15
2.48,2.03,2.83,1.1,4.68,1.1,1,1.17,1,1,1,1,1,1,1,1,1,1,1,1,1,1,6.5,42,1.15,1.15,0.85,0.85,1.15,0.85,1.15,1.15,0.85,0.85,1.15,0.85,1.15,1.15,1.15,1.15,0.85,1.15,0.85,0.85,0.85,0.85,0.85,0.85,0.85,1.15
2.48,2.03,2.83,1.1,4.68,1,1,1.17,1,1,1,1,1,1,1,1,1,1,1,1,1,1,13,60,1.15,1.15,0.85,0.85,1.15,0.85,1.15,1.15,0.85,0.85,1.15,0.85,1.15,1.15,1.15,1.15,0.85,1.15,0.85,0.85,0.85,0.85,0.85,0.85,0.85,1.15
2.48,2.03,2.83,1.1,3.12,1,1,1.17,1,1,1,1,1,1,0.88,1,1,1,0.91,0.9,1,1,90,444,1.15,1.15,0.85,0.85,1.15,0.85,1.15,1.15,0.85,0.85,1.15,0.85,1.15,1.15,1.15,1.15,0.85,1.15,0.85,0.85,0.85,0.85,0.85,0.85,0.85,1.15
2.48,2.03,2.83,1.1,4.68,1,1,1.17,1,1,1,1,1,1,1,1,1,1,1,1,1,1,8,42,1.15,1.15,0.85,0.85,1.15,0.85,1.15,1.15,0.85,0.85,1.15,0.85,1.15,1.15,1.15,1.15,0.85,1.15,0.85,0.85,0.85,0.85,0.85,0.85,0.85,1.15
2.48,2.03,2.83,1.1,4.68,1,1,1.17,1,1,1.11,1,1,1,1,1,1,1,1,1,1,1,16,114,1.15,1.15,0.85,0.85,1.15,0.85,1.15,1.15,0.85,0.85,1.15,0.85,1.15,1.15,1.15,1.15,0.85,1.15,0.85,0.85,0.85,0.85,0.85,0.85,0.85,1.15
2.48,2.03,2.83,1.1,3.12,1,1.14,1.17,1,1,1.29,1.05,0.78,0.85,0.88,1,1,1.09,0.91,1,1,1.14,177.9,1248,1.15,1.15,0.85,0.85,1.15,0.85,1.15,1.15,0.85,0.85,1.15,0.85,1.15,1.15,1.15,1.15,0.85,1.15,0.85,0.85,0.85,0.85,0.85,0.85,0.85,1.15
2.48,2.03,2.83,1.1,3.12,1.1,0.9,1.17,1,1,1,1,0.78,1,0.88,1,1,1,1,1,1,1,302,2400,1.15,1.15,0.85,0.85,1.15,0.85,1.15,1.15,0.85,0.85,1.15,0.85,1.15,1.15,1.15,1.15,0.85,1.15,0.85,0.85,0.85,0.85,0.85,0.85,0.85,1.15
2.48,2.03,2.83,1.1,3.12,1,1.14,0.87,1,1,1,1,1.15,0.85,1,1,0.88,1,1,0.9,1,1,282.1,1368,1.15,1.15,0.85,0.85,1.15,0.85,1.15,1.15,0.85,0.85,1.15,0.85,1.15,1.15,1.15,1.15,0.85,1.15,0.85,0.85,0.85,0.85,0.85,0.85,0.85,1.15
2.48,2.03,2.83,1.1,3.12,1.1,1.14,0.87,1,1,1,1,1,0.85,1,1,0.88,1,1,1,1,1,284.7,973,1.15,1.15,0.85,0.85,1.15,0.85,1.15,1.15,0.85,0.85,1.15,0.85,1.15,1.15,1.15,1.15,0.85,1.15,0.85,0.85,0.85,0.85,0.85,0.85,0.85,1.15
2.48,2.03,2.83,1.1,4.68,1.1,1.14,1,1,1,1,1,0.78,1,0.88,1,0.88,1,0.91,1,1,1,79,400,1.15,1.15,0.85,0.85,1.15,0.85,1.15,1.15,0.85,0.85,1.15,0.85,1.15,1.15,1.15,1.15,0.85,1.15,0.85,0.85,0.85,0.85,0.85,0.85,0.85,1.15
2.48,2.03,2.83,1.1,6.24,0.92,1,1,1,1,1,1,0.78,0.85,0.76,1,0.88,1,0.91,1,1,1,423,2400,1.15,1.15,0.85,0.85,1.15,0.85,1.15,1.15,0.85,0.85,1.15,0.85,1.15,1.15,1.15,1.15,0.85,1.15,0.85,0.85,0.85,0.85,0.85,0.85,0.85,1.15
2.48,2.03,2.83,1.1,3.12,1,1,1,1,1,1,1,0.78,0.85,0.76,1,0.81,1.09,0.91,1,1,1,190,420,1.15,1.15,0.85,0.85,1.15,0.85,1.15,1.15,0.85,0.85,1.15,0.85,1.15,1.15,1.15,1.15,0.85,1.15,0.85,0.85,0.85,0.85,0.85,0.85,0.85,1.15
2.48,2.03,2.83,1.1,3.12,1,1,1.17,1,1,1,1.05,1,0.85,1,1,0.88,1,0.91,1,1,1,47.5,252,1.15,1.15,0.85,0.85,1.15,0.85,1.15,1.15,0.85,0.85,1.15,0.85,1.15,1.15,1.15,1.15,0.85,1.15,0.85,0.85,0.85,0.85,0.85,0.85,0.85,1.15
2.48,2.03,2.83,1.1,6.24,1.26,1,1.74,1,1,1.11,1.05,0.78,1,1,1,0.88,1,1,0.9,1,1,21,107,1.15,1.15,0.85,0.85,1.15,0.85,1.15,1.15,0.85,0.85,1.15,0.85,1.15,1.15,1.15,1.15,0.85,1.15,0.85,0.85,0.85,0.85,0.85,0.85,0.85,1.15
2.48,2.03,2.83,1.1,6.24,1,1.14,1.17,1,1,1.29,1,1,0.85,0.88,1,0.88,1,0.91,1,1,1,78,571.4,1.15,1.15,0.85,0.85,1.15,0.85,1.15,1.15,0.85,0.85,1.15,0.85,1.15,1.15,1.15,1.15,0.85,1.15,0.85,0.85,0.85,0.85,0.85,0.85,0.85,1.15
2.48,2.03,2.83,1.1,6.24,1,1.14,1.17,1,1,1.29,1,1,0.85,0.88,1,0.88,1,0.91,1,1,1,11.4,98.8,1.15,1.15,0.85,0.85,1.15,0.85,1.15,1.15,0.85,0.85,1.15,0.85,1.15,1.15,1.15,1.15,0.85,1.15,0.85,0.85,0.85,0.85,0.85,0.85,0.85,1.15
2.48,2.03,2.83,1.1,6.24,1,1.14,1.17,1,1,1.29,1,1,0.85,0.88,1,0.88,1,0.91,1,1,1,19.3,155,1.15,1.15,0.85,0.85,1.15,0.85,1.15,1.15,0.85,0.85,1.15,0.85,1.15,1.15,1.15,1.15,0.85,1.15,0.85,0.85,0.85,0.85,0.85,0.85,0.85,1.15
2.48,2.03,2.83,1.1,6.24,1.1,1,1.34,1,1,1.11,1.05,0.78,0.85,1,1,1,0.91,0.91,1,1,1,101,750,1.15,1.15,0.85,0.85,1.15,0.85,1.15,1.15,0.85,0.85,1.15,0.85,1.15,1.15,1.15,1.15,0.85,1.15,0.85,0.85,0.85,0.85,0.85,0.85,0.85,1.15
2.48,2.03,2.83,1.1,6.24,1.1,1,1.17,1,1,1.11,1.05,0.78,1,1,1,0.88,1,1,1,1,1,219,2120,1.15,1.15,0.85,0.85,1.15,0.85,1.15,1.15,0.85,0.85,1.15,0.85,1.15,1.15,1.15,1.15,0.85,1.15,0.85,0.85,0.85,0.85,0.85,0.85,0.85,1.15
2.48,2.03,2.83,1.1,6.24,1.1,1,1.74,1,1,1.11,1.05,0.78,1,1,1,0.88,1,1,1,1,1,50,370,1.15,1.15,0.85,0.85,1.15,0.85,1.15,1.15,0.85,0.85,1.15,0.85,1.15,1.15,1.15,1.15,0.85,1.15,0.85,0.85,0.85,0.85,0.85,0.85,0.85,1.15
2.48,2.03,2.83,1.1,3.12,1.26,1.14,1.17,1,1,1.29,1.17,1,0.71,0.76,1,0.81,1,0.91,0.9,1,1.14,227,1181,1.15,1.15,0.85,0.85,1.15,0.85,1.15,1.15,0.85,0.85,1.15,0.85,1.15,1.15,1.15,1.15,0.85,1.15,0.85,0.85,0.85,0.85,0.85,0.85,0.85,1.15
2.48,2.03,2.83,1.1,3.12,1,1.14,1.74,1,1,1,1,0.78,0.85,0.76,1,1,1.09,1,1,1,1.14,70,278,1.15,1.15,0.85,0.85,1.15,0.85,1.15,1.15,0.85,0.85,1.15,0.85,1.15,1.15,1.15,1.15,0.85,1.15,0.85,0.85,0.85,0.85,0.85,0.85,0.85,1.15
2.48,2.03,2.83,1.1,3.12,1.1,0.9,1.74,1,1,1,1,0.78,1,1,1,1,1,0.91,1,1,1.14,0.9,8.4,1.15,1.15,0.85,0.85,1.15,0.85,1.15,1.15,0.85,0.85,1.15,0.85,1.15,1.15,1.15,1.15,0.85,1.15,0.85,0.85,0.85,0.85,0.85,0.85,0.85,1.15
2.48,2.03,2.83,1.1,6.24,1.24,0.9,1,1,1,1.63,1.17,0.78,0.85,0.88,1,0.81,1.19,0.91,1,1,1,980,4560,1.15,1.15,0.85,0.85,1.15,0.85,1.15,1.15,0.85,0.85,1.15,0.85,1.15,1.15,1.15,1.15,0.85,1.15,0.85,0.85,0.85,0.85,0.85,0.85,0.85,1.15
2.48,2.03,2.83,1.1,4.68,1,0.9,1,1,1,1,1,0.78,0.71,0.76,1,1,0.91,0.91,1,1,1,350,720,1.15,1.15,0.85,0.85,1.15,0.85,1.15,1.15,0.85,0.85,1.15,0.85,1.15,1.15,1.15,1.15,0.85,1.15,0.85,0.85,0.85,0.85,0.85,0.85,0.85,1.15
2.48,2.03,2.83,1.1,3.12,1.1,1,1.17,1,1,1.11,1.05,0.78,0.85,1,1,1,0.91,0.91,0.9,1,1,70,458,1.15,1.15,0.85,0.85,1.15,0.85,1.15,1.15,0.85,0.85,1.15,0.85,1.15,1.15,1.15,1.15,0.85,1.15,0.85,0.85,0.85,0.85,0.85,0.85,0.85,1.15
2.48,2.03,2.83,1.1,3.12,1.1,1,1.17,1,1,1.11,1.05,0.78,0.85,1,1,1,0.91,0.91,0.9,1,1,271,2460,1.15,1.15,0.85,0.85,1.15,0.85,1.15,1.15,0.85,0.85,1.15,0.85,1.15,1.15,1.15,1.15,0.85,1.15,0.85,0.85,0.85,0.85,0.85,0.85,0.85,1.15
2.48,2.03,2.83,1.1,4.68,1,1,1.17,1,1,1,1,0.78,0.85,0.88,1,0.88,1,0.91,1,1,1,90,162,1.15,1.15,0.85,0.85,1.15,0.85,1.15,1.15,0.85,0.85,1.15,0.85,1.15,1.15,1.15,1.15,0.85,1.15,0.85,0.85,0.85,0.85,0.85,0.85,0.85,1.15
2.48,2.03,2.83,1.1,4.68,1,1,0.87,1,1,1,1,0.78,0.85,0.88,1,0.88,1,0.91,1,1,1,40,150,1.15,1.15,0.85,0.85,1.15,0.85,1.15,1.15,0.85,0.85,1.15,0.85,1.15,1.15,1.15,1.15,0.85,1.15,0.85,0.85,0.85,0.85,0.85,0.85,0.85,1.15
2.48,2.03,2.83,1.1,4.68,1.1,1,1.17,1,1,1.11,1,0.78,0.85,0.88,1,0.88,1,0.91,1,1,1,137,636,1.15,1.15,0.85,0.85,1.15,0.85,1.15,1.15,0.85,0.85,1.15,0.85,1.15,1.15,1.15,1.15,0.85,1.15,0.85,0.85,0.85,0.85,0.85,0.85,0.85,1.15
2.48,2.03,2.83,1.1,4.68,1.1,1,1,1,1,1.11,1,1.15,0.85,0.88,1,0.88,1,0.91,1,1,1,150,882,1.15,1.15,0.85,0.85,1.15,0.85,1.15,1.15,0.85,0.85,1.15,0.85,1.15,1.15,1.15,1.15,0.85,1.15,0.85,0.85,0.85,0.85,0.85,0.85,0.85,1.15
2.48,2.03,2.83,1.1,4.68,1.24,1,1.17,1,1,1.11,1,0.78,0.85,0.88,1,0.88,1,0.91,1,1,1,339,444,1.15,1.15,0.85,0.85,1.15,0.85,1.15,1.15,0.85,0.85,1.15,0.85,1.15,1.15,1.15,1.15,0.85,1.15,0.85,0.85,0.85,0.85,0.85,0.85,0.85,1.15
2.48,2.03,2.83,1.1,4.68,0.92,1.14,1.17,1,1,1,1,1.15,0.85,0.88,1,0.88,1,0.91,1,1,1,240,192,1.15,1.15,0.85,0.85,1.15,0.85,1.15,1.15,0.85,0.85,1.15,0.85,1.15,1.15,1.15,1.15,0.85,1.15,0.85,0.85,0.85,0.85,0.85,0.85,0.85,1.15
2.48,2.03,2.83,1.1,6.24,1.1,1,1.17,1,1,1,1.17,0.78,0.85,0.88,1,0.88,0.91,0.91,1,1,1.14,144,576,1.15,1.15,0.85,0.85,1.15,0.85,1.15,1.15,0.85,0.85,1.15,0.85,1.15,1.15,1.15,1.15,0.85,1.15,0.85,0.85,0.85,0.85,0.85,0.85,0.85,1.15
2.48,2.03,2.83,1.1,6.24,1,0.9,1,1,1,1,1.17,0.78,0.85,0.88,1,0.88,0.91,0.91,1,1,1.14,151,432,1.15,1.15,0.85,0.85,1.15,0.85,1.15,1.15,0.85,0.85,1.15,0.85,1.15,1.15,1.15,1.15,0.85,1.15,0.85,0.85,0.85,0.85,0.85,0.85,0.85,1.15
2.48,2.03,2.83,1.1,6.24,1,0.9,1,1,1,1,1.17,0.78,0.85,0.88,1,0.88,0.91,0.91,1,1,1.14,34,72,1.15,1.15,0.85,0.85,1.15,0.85,1.15,1.15,0.85,0.85,1.15,0.85,1.15,1.15,1.15,1.15,0.85,1.15,0.85,0.85,0.85,0.85,0.85,0.85,0.85,1.15
2.48,2.03,2.83,1.1,6.24,1,1,1.17,1,1,1,1.17,0.78,0.85,0.88,1,0.88,0.91,0.91,1,1,1.14,98,300,1.15,1.15,0.85,0.85,1.15,0.85,1.15,1.15,0.85,0.85,1.15,0.85,1.15,1.15,1.15,1.15,0.85,1.15,0.85,0.85,0.85,0.85,0.85,0.85,0.85,1.15
2.48,2.03,2.83,1.1,6.24,1,1,1.34,1,1,1,1.17,0.78,0.85,0.88,1,0.88,0.91,0.91,1,1,1.14,85,300,1.15,1.15,0.85,0.85,1.15,0.85,1.15,1.15,0.85,0.85,1.15,0.85,1.15,1.15,1.15,1.15,0.85,1.15,0.85,0.85,0.85,0.85,0.85,0.85,0.85,1.15
2.48,2.03,2.83,1.1,6.24,1,0.9,1.34,1,1,1,1.17,0.78,0.85,0.88,1,0.88,0.91,0.91,1,1,1.14,20,240,1.15,1.15,0.85,0.85,1.15,0.85,1.15,1.15,0.85,0.85,1.15,0.85,1.15,1.15,1.15,1.15,0.85,1.15,0.85,0.85,0.85,0.85,0.85,0.85,0.85,1.15
2.48,2.03,2.83,1.1,6.24,1,0.9,1.34,1,1,1,1.17,0.78,0.85,0.88,1,0.88,0.91,0.91,1,1,1.14,111,600,1.15,1.15,0.85,0.85,1.15,0.85,1.15,1.15,0.85,0.85,1.15,0.85,1.15,1.15,1.15,1.15,0.85,1.15,0.85,0.85,0.85,0.85,0.85,0.85,0.85,1.15
2.48,2.03,2.83,1.1,6.24,1.1,1.28,1.34,1,1,1,1.17,0.78,0.85,0.88,1,0.88,0.91,0.91,1,1,1.14,162,756,1.15,1.15,0.85,0.85,1.15,0.85,1.15,1.15,0.85,0.85,1.15,0.85,1.15,1.15,1.15,1.15,0.85,1.15,0.85,0.85,0.85,0.85,0.85,0.85,0.85,1.15
2.48,2.03,2.83,1.1,6.24,1.1,1.14,1.34,1,1,1,1.17,0.78,0.85,0.88,1,0.88,0.91,0.91,1,1,1.14,352,1200,1.15,1.15,0.85,0.85,1.15,0.85,1.15,1.15,0.85,0.85,1.15,0.85,1.15,1.15,1.15,1.15,0.85,1.15,0.85,0.85,0.85,0.85,0.85,0.85,0.85,1.15
2.48,2.03,2.83,1.1,6.24,1.1,1,1.17,1,1,1,1.17,0.78,0.85,0.88,1,0.88,0.91,0.91,1,1,1.14,165,97,1.15,1.15,0.85,0.85,1.15,0.85,1.15,1.15,0.85,0.85,1.15,0.85,1.15,1.15,1.15,1.15,0.85,1.15,0.85,0.85,0.85,0.85,0.85,0.85,0.85,1.15
2.48,2.03,2.83,1.1,3.12,1.1,1,1.34,1,1,1.11,1.05,0.78,0.85,1,1,1,0.91,0.91,1,1,1,60,409,1.15,1.15,0.85,0.85,1.15,0.85,1.15,1.15,0.85,0.85,1.15,0.85,1.15,1.15,1.15,1.15,0.85,1.15,0.85,0.85,0.85,0.85,0.85,0.85,0.85,1.15
2.48,2.03,2.83,1.1,3.12,1.1,1,1.34,1,1,1.11,1.05,0.78,0.85,1,1,1,0.91,0.91,1,1,1,100,703,1.15,1.15,0.85,0.85,1.15,0.85,1.15,1.15,0.85,0.85,1.15,0.85,1.15,1.15,1.15,1.15,0.85,1.15,0.85,0.85,0.85,0.85,0.85,0.85,0.85,1.15
2.48,2.03,2.83,1.1,4.68,1.1,1.28,1.34,1,1,1.63,1.46,1.15,1,1,1,1,1.09,1.09,1,1,1,32,1350,1.15,1.15,0.85,0.85,1.15,0.85,1.15,1.15,0.85,0.85,1.15,0.85,1.15,1.15,1.15,1.15,0.85,1.15,0.85,0.85,0.85,0.85,0.85,0.85,0.85,1.15
2.48,2.03,2.83,1.1,3.12,1.1,1.14,1.34,1,1,1.29,1.46,1.15,0.85,0.88,1,0.88,0.91,0.91,1,1,1,53,480,1.15,1.15,0.85,0.85,1.15,0.85,1.15,1.15,0.85,0.85,1.15,0.85,1.15,1.15,1.15,1.15,0.85,1.15,0.85,0.85,0.85,0.85,0.85,0.85,0.85,1.15
2.48,2.03,2.83,1.1,3.12,1.1,0.9,1.34,1,1,1.29,1.46,0.78,0.71,0.76,1,0.81,1.19,1.2,0.9,1,1,41,599,1.15,1.15,0.85,0.85,1.15,0.85,1.15,1.15,0.85,0.85,1.15,0.85,1.15,1.15,1.15,1.15,0.85,1.15,0.85,0.85,0.85,0.85,0.85,0.85,0.85,1.15
2.48,2.03,2.83,1.1,3.12,1.1,0.9,1.74,1,1,1.29,1.46,0.78,0.71,0.76,1,0.81,1.19,1.2,0.9,1,1,24,430,1.15,1.15,0.85,0.85,1.15,0.85,1.15,1.15,0.85,0.85,1.15,0.85,1.15,1.15,1.15,1.15,0.85,1.15,0.85,0.85,0.85,0.85,0.85,0.85,0.85,1.15
2.48,2.03,2.83,1.1,3.12,1.24,1.14,1.34,1,1,1.63,1.46,1,0.85,0.88,1,0.88,0.91,0.91,1,1,1,165,4178.2,1.15,1.15,0.85,0.85,1.15,0.85,1.15,1.15,0.85,0.85,1.15,0.85,1.15,1.15,1.15,1.15,0.85,1.15,0.85,0.85,0.85,0.85,0.85,0.85,0.85,1.15
2.48,2.03,2.83,1.1,3.12,1.24,1.14,1.34,1,1,1.63,1.46,1,0.85,0.88,1,0.88,0.91,0.91,1,1,1,65,1772.5,1.15,1.15,0.85,0.85,1.15,0.85,1.15,1.15,0.85,0.85,1.15,0.85,1.15,1.15,1.15,1.15,0.85,1.15,0.85,0.85,0.85,0.85,0.85,0.85,0.85,1.15
2.48,2.03,2.83,1.1,3.12,1.24,1.14,1.34,1,1,1.63,1.46,1,0.85,0.88,1,0.88,0.91,0.91,1,1,1,70,1645.9,1.15,1.15,0.85,0.85,1.15,0.85,1.15,1.15,0.85,0.85,1.15,0.85,1.15,1.15,1.15,1.15,0.85,1.15,0.85,0.85,0.85,0.85,0.85,0.85,0.85,1.15
2.48,2.03,2.83,1.1,3.12,1.24,1.14,1.34,1,1,1.63,1.46,1,0.85,0.88,1,0.88,0.91,0.91,1,1,1,50,1924.5,1.15,1.15,0.85,0.85,1.15,0.85,1.15,1.15,0.85,0.85,1.15,0.85,1.15,1.15,1.15,1.15,0.85,1.15,0.85,0.85,0.85,0.85,0.85,0.85,0.85,1.15
2.48,2.03,2.83,1.1,6.24,1.24,0.9,1.34,1,1,1.29,1.46,0.78,0.85,1,1,1.1,1.19,1.09,0.9,1,1,7.25,648,1.15,1.15,0.85,0.85,1.15,0.85,1.15,1.15,0.85,0.85,1.15,0.85,1.15,1.15,1.15,1.15,0.85,1.15,0.85,0.85,0.85,0.85,0.85,0.85,0.85,1.15
2.48,2.03,2.83,1.1,3.12,1.24,1.14,1.17,1,1,1.63,1.46,1,0.85,0.88,1,0.88,0.91,0.91,1,1,1,233,8211,1.15,1.15,0.85,0.85,1.15,0.85,1.15,1.15,0.85,0.85,1.15,0.85,1.15,1.15,1.15,1.15,0.85,1.15,0.85,0.85,0.85,0.85,0.85,0.85,0.85,1.15
2.48,2.03,2.83,1.1,4.68,1.1,1,1,1,1,1.29,1.17,1.15,1,1,1,1,1.09,1.09,1,1,1,16.3,480,1.15,1.15,0.85,0.85,1.15,0.85,1.15,1.15,0.85,0.85,1.15,0.85,1.15,1.15,1.15,1.15,0.85,1.15,0.85,0.85,0.85,0.85,0.85,0.85,0.85,1.15
2.48,2.03,2.83,1.1,4.68,1.1,1,1,1,1,1.29,1.17,1.15,1,1,1,1,1.09,1.09,1,1,1,6.2,12,1.15,1.15,0.85,0.85,1.15,0.85,1.15,1.15,0.85,0.85,1.15,0.85,1.15,1.15,1.15,1.15,0.85,1.15,0.85,0.85,0.85,0.85,0.85,0.85,0.85,1.15
2.48,2.03,2.83,1.1,4.68,1.1,1,1,1,1,1.29,1.17,1.15,1,1,1,1,1.09,1.09,1,1,1,3,38,1.15,1.15,0.85,0.85,1.15,0.85,1.15,1.15,0.85,0.85,1.15,0.85,1.15,1.15,1.15,1.15,0.85,1.15,0.85,0.85,0.85,0.85,0.85,0.85,0.85,1.15
